<application>
  <component name="BlazeWizardUserSettings">
    <settings>
      <entry key="blaze-wizard.last-imported-bazel-workspace" value="$USER_HOME$/code/spotify/acipriani/client" />
      <entry key="generate-from-build-file.last-workspace-path" value="src/main/java/com/spotify/nucleus/BUILD.bazel" />
      <entry key="select-project-view.selected-option" value="generate-from-build-file" />
      <entry key="select-workspace.selected-option" value="use-existing-bazel-workspace" />
    </settings>
  </component>
</application>