<application>
  <component name="FileTypeManager" version="18">
    <extensionMap>
      <mapping ext="srcjar" type="ARCHIVE" />
      <mapping pattern="EmptyFile" type="AUTO_DETECTED" />
      <mapping ext="gradle.kts" type="Kotlin" />
      <mapping ext="main.kts" type="Kotlin" />
      <mapping ext="avdl" type="PLAIN_TEXT" />
      <mapping ext="swift" type="PLAIN_TEXT" />
      <removed_mapping ext="apk" approved="true" type="ARCHIVE" />
      <removed_mapping ext="psd" approved="true" type="Image" />
    </extensionMap>
  </component>
</application>